exfoliation_en,density,vpa,packing fraction,MagpieData minimum Number,MagpieData maximum Number,MagpieData range Number,MagpieData mean Number,MagpieData avg_dev Number,MagpieData mode Number,MagpieData minimum MendeleevNumber,MagpieData maximum MendeleevNumber,MagpieData range MendeleevNumber,MagpieData mean MendeleevNumber,MagpieData avg_dev MendeleevNumber,MagpieData mode MendeleevNumber,MagpieData minimum AtomicWeight,MagpieData maximum AtomicWeight,MagpieData range AtomicWeight,MagpieData mean AtomicWeight,MagpieData avg_dev AtomicWeight,MagpieData mode AtomicWeight,MagpieData minimum MeltingT,MagpieData maximum MeltingT,MagpieData range MeltingT,MagpieData mean MeltingT,MagpieData avg_dev MeltingT,MagpieData mode MeltingT,MagpieData minimum Column,MagpieData maximum Column,MagpieData range Column,MagpieData mean Column,MagpieData avg_dev Column,MagpieData mode Column,MagpieData minimum Row,MagpieData maximum Row,MagpieData range Row,MagpieData mean Row,MagpieData avg_dev Row,MagpieData mode Row,MagpieData minimum CovalentRadius,MagpieData maximum CovalentRadius,MagpieData range CovalentRadius,MagpieData mean CovalentRadius,MagpieData avg_dev CovalentRadius,MagpieData mode CovalentRadius,MagpieData minimum Electronegativity,MagpieData maximum Electronegativity,MagpieData range Electronegativity,MagpieData mean Electronegativity,MagpieData avg_dev Electronegativity,MagpieData mode Electronegativity,MagpieData minimum NsValence,MagpieData maximum NsValence,MagpieData range NsValence,MagpieData mean NsValence,MagpieData avg_dev NsValence,MagpieData mode NsValence,MagpieData minimum NpValence,MagpieData maximum NpValence,MagpieData range NpValence,MagpieData mean NpValence,MagpieData avg_dev NpValence,MagpieData mode NpValence,MagpieData minimum NdValence,MagpieData maximum NdValence,MagpieData range NdValence,MagpieData mean NdValence,MagpieData avg_dev NdValence,MagpieData mode NdValence,MagpieData minimum NfValence,MagpieData maximum NfValence,MagpieData range NfValence,MagpieData mean NfValence,MagpieData avg_dev NfValence,MagpieData mode NfValence,MagpieData minimum NValence,MagpieData maximum NValence,MagpieData range NValence,MagpieData mean NValence,MagpieData avg_dev NValence,MagpieData mode NValence,MagpieData minimum NsUnfilled,MagpieData maximum NsUnfilled,MagpieData range NsUnfilled,MagpieData mean NsUnfilled,MagpieData avg_dev NsUnfilled,MagpieData mode NsUnfilled,MagpieData minimum NpUnfilled,MagpieData maximum NpUnfilled,MagpieData range NpUnfilled,MagpieData mean NpUnfilled,MagpieData avg_dev NpUnfilled,MagpieData mode NpUnfilled,MagpieData minimum NdUnfilled,MagpieData maximum NdUnfilled,MagpieData range NdUnfilled,MagpieData mean NdUnfilled,MagpieData avg_dev NdUnfilled,MagpieData mode NdUnfilled,MagpieData minimum NfUnfilled,MagpieData maximum NfUnfilled,MagpieData range NfUnfilled,MagpieData mean NfUnfilled,MagpieData avg_dev NfUnfilled,MagpieData mode NfUnfilled,MagpieData minimum NUnfilled,MagpieData maximum NUnfilled,MagpieData range NUnfilled,MagpieData mean NUnfilled,MagpieData avg_dev NUnfilled,MagpieData mode NUnfilled,MagpieData minimum GSvolume_pa,MagpieData maximum GSvolume_pa,MagpieData range GSvolume_pa,MagpieData mean GSvolume_pa,MagpieData avg_dev GSvolume_pa,MagpieData mode GSvolume_pa,MagpieData minimum GSbandgap,MagpieData maximum GSbandgap,MagpieData range GSbandgap,MagpieData mean GSbandgap,MagpieData avg_dev GSbandgap,MagpieData mode GSbandgap,MagpieData minimum GSmagmom,MagpieData maximum GSmagmom,MagpieData range GSmagmom,MagpieData mean GSmagmom,MagpieData avg_dev GSmagmom,MagpieData mode GSmagmom,MagpieData minimum SpaceGroupNumber,MagpieData maximum SpaceGroupNumber,MagpieData range SpaceGroupNumber,MagpieData mean SpaceGroupNumber,MagpieData avg_dev SpaceGroupNumber,MagpieData mode SpaceGroupNumber
110.7191666666667,0.2070548689915086,164.32681368743008,0.013744747642354073,6.0,17.0,11.0,10.0,4.666666666666667,6.0,77.0,94.0,17.0,84.33333333333333,6.444444444444443,77.0,12.0107,35.453,23.442300000000003,20.490133333333336,9.975244444444447,12.0107,63.05,3823.0,3759.95,1352.55,1646.9666666666665,63.05,14.0,17.0,3.0,15.333333333333334,1.1111111111111114,14.0,2.0,3.0,1.0,2.3333333333333335,0.4444444444444445,2.0,71.0,102.0,31.0,83.0,12.666666666666666,71.0,2.55,3.16,0.6100000000000003,2.9166666666666665,0.2444444444444446,2.55,2.0,2.0,0.0,2.0,0.0,2.0,2.0,5.0,3.0,3.3333333333333335,1.1111111111111112,2.0,0.0,0.0,0.0,0.0,0.0,0.0,0.0,0.0,0.0,0.0,0.0,0.0,4.0,7.0,3.0,5.333333333333333,1.111111111111111,4.0,0.0,0.0,0.0,0.0,0.0,0.0,1.0,4.0,3.0,2.6666666666666665,1.1111111111111112,1.0,0.0,0.0,0.0,0.0,0.0,0.0,0.0,0.0,0.0,0.0,0.0,0.0,1.0,4.0,3.0,2.6666666666666665,1.1111111111111112,1.0,5.64,24.4975,18.857499999999998,14.96875,6.352499999999999,5.64,2.493,6.437,3.9440000000000004,4.475333333333334,1.3215555555555556,2.493,0.0,0.0,0.0,0.0,0.0,0.0,64.0,194.0,130.0,150.66666666666666,57.77777777777778,64.0
585.9625475,1.8425472482411696,98.94864906014764,0.0740826977225357,9.0,80.0,71.0,44.5,35.5,9.0,71.0,93.0,22.0,82.0,11.0,71.0,18.9984032,200.59,181.5915968,109.79420160000001,90.7957984,18.9984032,53.5,234.32,180.82,143.91,90.41,53.5,12.0,17.0,5.0,14.5,2.5,12.0,2.0,6.0,4.0,4.0,2.0,2.0,57.0,132.0,75.0,94.5,37.5,57.0,2.0,3.98,1.98,2.99,0.99,2.0,2.0,2.0,0.0,2.0,0.0,2.0,0.0,5.0,5.0,2.5,2.5,0.0,0.0,10.0,10.0,5.0,5.0,0.0,0.0,14.0,14.0,7.0,7.0,0.0,7.0,26.0,19.0,16.5,9.5,7.0,0.0,0.0,0.0,0.0,0.0,0.0,0.0,1.0,1.0,0.5,0.5,0.0,0.0,0.0,0.0,0.0,0.0,0.0,0.0,0.0,0.0,0.0,0.0,0.0,0.0,1.0,1.0,0.5,0.5,0.0,9.7075,25.2375862069,15.530086206900002,17.47254310345,7.765043103450001,9.7075,0.0,1.97,1.97,0.985,0.985,0.0,0.0,0.0,0.0,0.0,0.0,0.0,15.0,166.0,151.0,90.5,75.5,15.0
61.175999999999675,1.4510287084505655,104.6996277919525,0.10509019852760512,16.0,66.0,50.0,39.0,18.0,16.0,31.0,95.0,64.0,71.33333333333333,26.88888888888889,31.0,32.065,162.5,130.435,91.48966666666666,47.34022222222222,32.065,265.8,1685.0,1419.2,779.7200000000001,603.52,265.8,3.0,17.0,14.0,12.0,6.0,3.0,3.0,6.0,3.0,4.333333333333333,1.111111111111111,3.0,105.0,192.0,87.0,139.0,35.333333333333336,105.0,1.22,2.96,1.74,2.2533333333333334,0.6888888888888888,1.22,2.0,2.0,0.0,2.0,0.0,2.0,0.0,5.0,5.0,3.0,2.0,0.0,0.0,10.0,10.0,3.3333333333333335,4.444444444444444,0.0,0.0,10.0,10.0,3.3333333333333335,4.444444444444445,0.0,6.0,17.0,11.0,11.666666666666666,3.777777777777778,6.0,0.0,0.0,0.0,0.0,0.0,0.0,0.0,2.0,2.0,1.0,0.6666666666666666,0.0,0.0,0.0,0.0,0.0,0.0,0.0,0.0,4.0,4.0,1.3333333333333333,1.7777777777777777,0.0,1.0,4.0,3.0,2.3333333333333335,1.1111111111111112,1.0,25.786875,31.24,5.453125,28.835624999999997,2.032500000000001,25.786875,0.0,2.202,2.202,1.2196666666666667,0.8131111111111111,0.0,0.0,0.0,0.0,0.0,0.0,0.0,64.0,194.0,130.0,109.33333333333333,56.444444444444436,64.0
41.64333333333303,2.090851549831201,69.05074664938516,0.14349206408849213,8.0,67.0,59.0,36.666666666666664,20.22222222222222,8.0,33.0,95.0,62.0,71.66666666666667,25.777777777777775,33.0,15.9994,164.93032,148.93092,86.94457333333332,51.99049777777778,15.9994,54.8,1747.0,1692.2,689.1999999999999,705.1999999999999,54.8,3.0,17.0,14.0,12.0,6.0,3.0,2.0,6.0,4.0,4.0,1.3333333333333333,2.0,66.0,192.0,126.0,126.0,44.0,66.0,1.23,3.44,2.21,2.543333333333333,0.8755555555555556,1.23,2.0,2.0,0.0,2.0,0.0,2.0,0.0,5.0,5.0,3.0,2.0,0.0,0.0,10.0,10.0,3.3333333333333335,4.444444444444445,0.0,0.0,11.0,11.0,3.6666666666666665,4.888888888888888,0.0,6.0,17.0,11.0,12.0,4.0,6.0,0.0,0.0,0.0,0.0,0.0,0.0,0.0,2.0,2.0,1.0,0.6666666666666666,0.0,0.0,0.0,0.0,0.0,0.0,0.0,0.0,3.0,3.0,1.0,1.3333333333333333,0.0,1.0,3.0,2.0,2.0,0.6666666666666666,1.0,9.105,30.7333333333,21.6283333333,23.106111111100002,9.334074074066665,9.105,0.0,1.457,1.457,0.4856666666666667,0.6475555555555556,0.0,0.0,0.0,0.0,0.0,0.0,0.0,12.0,194.0,182.0,90.0,69.33333333333333,12.0
493.944575,0.6690416564883986,156.8915018518023,0.03933794752950254,14.0,33.0,19.0,28.25,7.125,33.0,78.0,84.0,6.0,82.5,2.25,84.0,28.0855,74.9216,46.8361,63.212574999999994,17.563537500000002,74.9216,1090.0,1687.0,597.0,1239.25,223.875,1090.0,14.0,15.0,1.0,14.75,0.375,15.0,3.0,4.0,1.0,3.75,0.375,4.0,111.0,119.0,8.0,117.0,3.0,119.0,1.9,2.18,0.28000000000000025,2.1100000000000003,0.10499999999999998,2.18,2.0,2.0,0.0,2.0,0.0,2.0,2.0,3.0,1.0,2.75,0.375,3.0,0.0,10.0,10.0,7.5,3.75,10.0,0.0,0.0,0.0,0.0,0.0,0.0,4.0,15.0,11.0,12.25,4.125,15.0,0.0,0.0,0.0,0.0,0.0,0.0,3.0,4.0,1.0,3.25,0.375,3.0,0.0,0.0,0.0,0.0,0.0,0.0,0.0,0.0,0.0,0.0,0.0,0.0,3.0,4.0,1.0,3.25,0.375,3.0,20.44,22.175,1.7349999999999994,21.74125,0.6506249999999998,22.175,0.0,0.773,0.773,0.19325,0.289875,0.0,0.0,0.0,0.0,0.0,0.0,0.0,166.0,227.0,61.0,181.25,22.875,166.0
265.60800000000006,1.8727319994470712,185.30153724940524,0.0925911621321972,83.0,83.0,0.0,83.0,0.0,83.0,86.0,86.0,0.0,86.0,0.0,86.0,208.9804,208.9804,0.0,208.9804,0.0,208.9804,544.4,544.4,0.0,544.4,0.0,544.4,15.0,15.0,0.0,15.0,0.0,15.0,6.0,6.0,0.0,6.0,0.0,6.0,148.0,148.0,0.0,148.0,0.0,148.0,2.02,2.02,0.0,2.02,0.0,2.02,2.0,2.0,0.0,2.0,0.0,2.0,3.0,3.0,0.0,3.0,0.0,3.0,10.0,10.0,0.0,10.0,0.0,10.0,14.0,14.0,0.0,14.0,0.0,14.0,29.0,29.0,0.0,29.0,0.0,29.0,0.0,0.0,0.0,0.0,0.0,0.0,3.0,3.0,0.0,3.0,0.0,3.0,0.0,0.0,0.0,0.0,0.0,0.0,0.0,0.0,0.0,0.0,0.0,0.0,3.0,3.0,0.0,3.0,0.0,3.0,32.95,32.95,0.0,32.95,0.0,32.95,0.0,0.0,0.0,0.0,0.0,0.0,0.0,0.0,0.0,0.0,0.0,0.0,12.0,12.0,0.0,12.0,0.0,12.0
88.73911666666667,1.7853579164807707,142.92621624217992,0.11058644188326397,53.0,82.0,29.0,62.666666666666664,12.888888888888888,53.0,81.0,96.0,15.0,91.0,6.666666666666667,96.0,126.90447,207.2,80.29552999999999,153.66964666666667,35.686902222222216,126.90447,386.85,600.61,213.76,458.1033333333333,95.00444444444442,386.85,14.0,17.0,3.0,16.0,1.3333333333333333,17.0,5.0,6.0,1.0,5.333333333333333,0.44444444444444436,5.0,139.0,146.0,7.0,141.33333333333334,3.1111111111111143,139.0,2.33,2.66,0.33000000000000007,2.5500000000000003,0.14666666666666664,2.66,2.0,2.0,0.0,2.0,0.0,2.0,2.0,5.0,3.0,4.0,1.3333333333333333,5.0,10.0,10.0,0.0,10.0,0.0,10.0,0.0,14.0,14.0,4.666666666666667,6.222222222222221,0.0,17.0,28.0,11.0,20.666666666666668,4.888888888888889,17.0,0.0,0.0,0.0,0.0,0.0,0.0,1.0,4.0,3.0,2.0,1.3333333333333333,1.0,0.0,0.0,0.0,0.0,0.0,0.0,0.0,0.0,0.0,0.0,0.0,0.0,1.0,4.0,3.0,2.0,1.3333333333333333,1.0,28.11,43.015,14.905000000000001,38.04666666666667,6.624444444444445,43.015,0.0,1.062,1.062,0.7080000000000001,0.472,1.062,0.0,0.0,0.0,0.0,0.0,0.0,64.0,225.0,161.0,117.66666666666667,71.55555555555556,64.0
124.94709999999998,1.770868445866952,122.80852745910798,0.08700771741361892,34.0,83.0,49.0,53.6,23.52,34.0,86.0,89.0,3.0,87.8,1.4400000000000006,89.0,78.96,208.9804,130.0204,130.96815999999998,62.409792,78.96,494.0,544.4,50.39999999999998,514.1600000000001,24.192000000000007,494.0,15.0,16.0,1.0,15.6,0.4800000000000001,16.0,4.0,6.0,2.0,4.8,0.96,4.0,120.0,148.0,28.0,131.2,13.439999999999998,120.0,2.02,2.55,0.5299999999999998,2.338,0.25439999999999985,2.55,2.0,2.0,0.0,2.0,0.0,2.0,3.0,4.0,1.0,3.6,0.48,4.0,10.0,10.0,0.0,10.0,0.0,10.0,0.0,14.0,14.0,5.6,6.719999999999999,0.0,16.0,29.0,13.0,21.2,6.24,16.0,0.0,0.0,0.0,0.0,0.0,0.0,2.0,3.0,1.0,2.4,0.48,2.0,0.0,0.0,0.0,0.0,0.0,0.0,0.0,0.0,0.0,0.0,0.0,0.0,2.0,3.0,1.0,2.4,0.48,2.0,25.92,32.95,7.030000000000001,28.732000000000006,3.3744000000000014,25.92,0.0,0.799,0.799,0.47940000000000005,0.38352,0.799,0.0,0.0,0.0,0.0,0.0,0.0,12.0,14.0,2.0,13.2,0.9600000000000002,14.0
93.97281818181824,1.3486578302370973,97.34844033459822,0.10095494272465641,16.0,81.0,65.0,34.0,20.0,16.0,76.0,88.0,12.0,84.36363636363636,3.966942148760331,88.0,32.065,204.3833,172.3183,79.06452727272728,52.7787305785124,32.065,388.36,1090.0,701.64,560.84,198.2981818181818,388.36,13.0,16.0,3.0,15.090909090909092,0.9917355371900826,16.0,3.0,6.0,3.0,3.909090909090909,0.9917355371900828,3.0,105.0,145.0,40.0,117.9090909090909,14.082644628099173,105.0,1.62,2.58,0.96,2.2763636363636364,0.3312396694214876,2.58,2.0,2.0,0.0,2.0,0.0,2.0,1.0,4.0,3.0,3.090909090909091,0.9917355371900828,4.0,0.0,10.0,10.0,4.545454545454546,4.958677685950414,0.0,0.0,14.0,14.0,2.5454545454545454,4.1652892561983474,0.0,6.0,27.0,21.0,12.181818181818182,6.743801652892563,6.0,0.0,0.0,0.0,0.0,0.0,0.0,2.0,5.0,3.0,2.909090909090909,0.9917355371900828,2.0,0.0,0.0,0.0,0.0,0.0,0.0,0.0,0.0,0.0,0.0,0.0,0.0,2.0,5.0,3.0,2.909090909090909,0.9917355371900828,2.0,22.175,33.285,11.109999999999996,26.016022727272727,1.646714876033058,25.786875,0.0,2.202,2.202,1.201090909090909,1.091900826446281,2.202,0.0,0.0,0.0,0.0,0.0,0.0,70.0,194.0,124.0,116.45454545454545,50.67768595041323,70.0
84.6315125,2.093148749362192,109.82363206541429,0.0759245559866055,35.0,79.0,44.0,57.0,22.0,35.0,66.0,95.0,29.0,80.5,14.5,66.0,79.904,196.966569,117.062569,138.4352845,58.5312845,79.904,265.8,1337.33,1071.53,801.5649999999999,535.7649999999999,265.8,11.0,17.0,6.0,14.0,3.0,11.0,4.0,6.0,2.0,5.0,1.0,4.0,120.0,136.0,16.0,128.0,8.0,120.0,2.54,2.96,0.41999999999999993,2.75,0.20999999999999996,2.54,1.0,2.0,1.0,1.5,0.5,1.0,0.0,5.0,5.0,2.5,2.5,0.0,10.0,10.0,0.0,10.0,0.0,10.0,0.0,14.0,14.0,7.0,7.0,0.0,17.0,25.0,8.0,21.0,4.0,17.0,0.0,1.0,1.0,0.5,0.5,0.0,0.0,1.0,1.0,0.5,0.5,0.0,0.0,0.0,0.0,0.0,0.0,0.0,0.0,0.0,0.0,0.0,0.0,0.0,1.0,1.0,0.0,1.0,0.0,1.0,16.7,29.48,12.780000000000001,23.09,6.390000000000001,16.7,0.0,1.457,1.457,0.7285,0.7285,0.0,0.0,0.0,0.0,0.0,0.0,0.0,64.0,225.0,161.0,144.5,80.5,64.0
107.79149999999981,2.0635578631178486,70.17912440635482,0.12868544254310604,8.0,83.0,75.0,36.5,28.5,8.0,65.0,87.0,22.0,81.25,8.125,87.0,15.9994,208.9804,192.981,87.21185000000001,71.21245,15.9994,54.8,1234.93,1180.13,472.23249999999996,417.4325,54.8,11.0,16.0,5.0,14.5,1.75,16.0,2.0,6.0,4.0,3.75,1.75,2.0,66.0,148.0,82.0,106.25,40.25,66.0,1.93,3.44,1.51,2.7075,0.7324999999999999,3.44,1.0,2.0,1.0,1.75,0.375,2.0,0.0,4.0,4.0,2.75,1.375,4.0,0.0,10.0,10.0,5.0,5.0,0.0,0.0,14.0,14.0,3.5,5.25,0.0,6.0,29.0,23.0,13.0,8.0,6.0,0.0,1.0,1.0,0.25,0.375,0.0,0.0,3.0,3.0,1.75,0.875,2.0,0.0,0.0,0.0,0.0,0.0,0.0,0.0,0.0,0.0,0.0,0.0,0.0,1.0,3.0,2.0,2.0,0.5,2.0,9.105,32.95,23.845000000000002,16.872500000000002,8.038750000000002,9.105,0.0,0.0,0.0,0.0,0.0,0.0,0.0,0.0,0.0,0.0,0.0,0.0,12.0,225.0,213.0,65.25,79.875,12.0
90.7739333333335,1.755790538533501,133.26979126239505,0.11364760590088285,53.0,69.0,16.0,58.333333333333336,7.111111111111112,53.0,37.0,96.0,59.0,76.33333333333333,26.222222222222225,96.0,126.90447,168.93421,42.029740000000004,140.91438333333335,18.67988444444445,126.90447,386.85,1818.0,1431.15,863.9,636.0666666666666,386.85,3.0,17.0,14.0,12.333333333333334,6.222222222222221,17.0,5.0,6.0,1.0,5.333333333333333,0.44444444444444436,5.0,139.0,190.0,51.0,156.0,22.666666666666668,139.0,1.25,2.66,1.4100000000000001,2.19,0.6266666666666668,2.66,2.0,2.0,0.0,2.0,0.0,2.0,0.0,5.0,5.0,3.3333333333333335,2.222222222222222,5.0,0.0,10.0,10.0,6.666666666666667,4.444444444444444,10.0,0.0,13.0,13.0,4.333333333333333,5.777777777777779,0.0,15.0,17.0,2.0,16.333333333333332,0.8888888888888893,17.0,0.0,0.0,0.0,0.0,0.0,0.0,0.0,1.0,1.0,0.6666666666666666,0.4444444444444445,1.0,0.0,0.0,0.0,0.0,0.0,0.0,0.0,1.0,1.0,0.3333333333333333,0.4444444444444445,0.0,1.0,1.0,0.0,1.0,0.0,1.0,29.78,43.015,13.235,38.60333333333333,5.8822222222222225,43.015,0.0,1.062,1.062,0.7080000000000001,0.472,1.062,0.0,0.0,0.0,0.0,0.0,0.0,64.0,194.0,130.0,107.33333333333333,57.77777777777777,64.0
83.68149999999997,1.9613480707519786,95.63207427705254,0.08892171145274948,34.0,73.0,39.0,47.0,17.333333333333332,34.0,48.0,89.0,41.0,75.33333333333333,18.222222222222225,89.0,78.96,180.94788,101.98788,112.95596,45.32794666666667,78.96,494.0,3290.0,2796.0,1426.0,1242.6666666666667,494.0,5.0,16.0,11.0,12.333333333333334,4.888888888888888,16.0,4.0,6.0,2.0,4.666666666666667,0.888888888888889,4.0,120.0,170.0,50.0,136.66666666666666,22.222222222222218,120.0,1.5,2.55,1.0499999999999998,2.1999999999999997,0.4666666666666666,2.55,2.0,2.0,0.0,2.0,0.0,2.0,0.0,4.0,4.0,2.6666666666666665,1.777777777777778,4.0,3.0,10.0,7.0,7.666666666666667,3.1111111111111107,10.0,0.0,14.0,14.0,4.666666666666667,6.222222222222221,0.0,16.0,19.0,3.0,17.0,1.3333333333333333,16.0,0.0,0.0,0.0,0.0,0.0,0.0,0.0,2.0,2.0,1.3333333333333333,0.888888888888889,2.0,0.0,7.0,7.0,2.3333333333333335,3.1111111111111107,0.0,0.0,0.0,0.0,0.0,0.0,0.0,2.0,7.0,5.0,3.6666666666666665,2.222222222222222,2.0,18.12,25.92,7.800000000000001,23.320000000000004,3.4666666666666663,25.92,0.0,0.799,0.799,0.5326666666666667,0.3551111111111111,0.799,0.0,0.0,0.0,0.0,0.0,0.0,14.0,229.0,215.0,85.66666666666667,95.55555555555554,14.0
66.81390000000009,2.3343160697176364,93.16550958201046,0.11469147435660003,34.0,83.0,49.0,53.6,23.52,34.0,86.0,89.0,3.0,87.8,1.4400000000000006,89.0,78.96,208.9804,130.0204,130.96815999999998,62.409792,78.96,494.0,544.4,50.39999999999998,514.1600000000001,24.192000000000007,494.0,15.0,16.0,1.0,15.6,0.4800000000000001,16.0,4.0,6.0,2.0,4.8,0.96,4.0,120.0,148.0,28.0,131.2,13.439999999999998,120.0,2.02,2.55,0.5299999999999998,2.338,0.25439999999999985,2.55,2.0,2.0,0.0,2.0,0.0,2.0,3.0,4.0,1.0,3.6,0.48,4.0,10.0,10.0,0.0,10.0,0.0,10.0,0.0,14.0,14.0,5.6,6.719999999999999,0.0,16.0,29.0,13.0,21.2,6.24,16.0,0.0,0.0,0.0,0.0,0.0,0.0,2.0,3.0,1.0,2.4,0.48,2.0,0.0,0.0,0.0,0.0,0.0,0.0,0.0,0.0,0.0,0.0,0.0,0.0,2.0,3.0,1.0,2.4,0.48,2.0,25.92,32.95,7.030000000000001,28.732000000000006,3.3744000000000014,25.92,0.0,0.799,0.799,0.47940000000000005,0.38352,0.799,0.0,0.0,0.0,0.0,0.0,0.0,12.0,14.0,2.0,13.2,0.9600000000000002,14.0
60.997035714285715,1.3999266129536712,100.08645887445259,0.10065562270140438,13.0,53.0,40.0,35.42857142857143,19.224489795918366,13.0,73.0,96.0,23.0,83.57142857142857,9.061224489795919,73.0,26.9815386,127.6,100.6184614,84.37844082857143,49.19734476734694,26.9815386,386.85,933.47,546.62,765.0342857142857,144.37346938775514,722.66,13.0,17.0,4.0,14.857142857142858,1.5918367346938775,13.0,3.0,5.0,2.0,4.142857142857143,0.9795918367346939,3.0,121.0,139.0,18.0,130.85714285714286,8.448979591836734,121.0,1.61,2.66,1.05,1.9700000000000002,0.3085714285714286,1.61,2.0,2.0,0.0,2.0,0.0,2.0,1.0,5.0,4.0,2.857142857142857,1.5918367346938775,1.0,0.0,10.0,10.0,5.714285714285714,4.8979591836734695,0.0,0.0,0.0,0.0,0.0,0.0,0.0,3.0,17.0,14.0,10.571428571428571,6.4897959183673475,3.0,0.0,0.0,0.0,0.0,0.0,0.0,1.0,5.0,4.0,3.142857142857143,1.5918367346938775,2.0,0.0,0.0,0.0,0.0,0.0,0.0,0.0,0.0,0.0,0.0,0.0,0.0,1.0,5.0,4.0,3.142857142857143,1.5918367346938775,2.0,16.48,43.015,26.535,28.10642857141428,9.965510204069387,16.48,0.0,1.062,1.062,0.3505714285714286,0.3004897959183674,0.0,0.0,0.0,0.0,0.0,0.0,0.0,64.0,225.0,161.0,170.71428571428572,46.53061224489796,152.0
45.929449999999925,2.170278200448074,68.85201905512749,0.13980729331723882,31.0,52.0,21.0,38.333333333333336,9.111111111111112,31.0,74.0,90.0,16.0,81.0,6.0,74.0,69.723,127.6,57.876999999999995,89.98766666666666,25.074888888888882,69.723,302.91,1211.4,908.49,745.6566666666668,310.4955555555556,302.91,13.0,16.0,3.0,14.333333333333334,1.1111111111111114,13.0,4.0,5.0,1.0,4.333333333333333,0.44444444444444436,4.0,120.0,138.0,18.0,126.66666666666667,7.555555555555557,120.0,1.81,2.1,0.29000000000000004,1.9733333333333334,0.10888888888888881,1.81,2.0,2.0,0.0,2.0,0.0,2.0,1.0,4.0,3.0,2.3333333333333335,1.1111111111111112,1.0,10.0,10.0,0.0,10.0,0.0,10.0,0.0,0.0,0.0,0.0,0.0,0.0,13.0,16.0,3.0,14.333333333333334,1.1111111111111114,13.0,0.0,0.0,0.0,0.0,0.0,0.0,2.0,5.0,3.0,3.6666666666666665,1.1111111111111112,2.0,0.0,0.0,0.0,0.0,0.0,0.0,0.0,0.0,0.0,0.0,0.0,0.0,2.0,5.0,3.0,3.6666666666666665,1.1111111111111112,2.0,18.8575,34.7633333333,15.905833333299995,25.54194444443333,6.147592592577776,18.8575,0.0,0.464,0.464,0.2823333333333333,0.1882222222222222,0.0,0.0,0.0,0.0,0.0,0.0,0.0,64.0,225.0,161.0,147.0,55.333333333333336,64.0
63.56433333333289,1.0040616878036268,50.12843730470988,0.08056340020418382,8.0,27.0,19.0,14.333333333333334,8.444444444444445,8.0,58.0,87.0,29.0,77.33333333333333,12.888888888888891,87.0,15.9994,58.933195,42.933794999999996,30.310665,19.081686666666666,15.9994,54.8,1768.0,1713.2,625.8666666666667,761.4222222222221,54.8,9.0,16.0,7.0,13.666666666666666,3.111111111111111,16.0,2.0,4.0,2.0,2.6666666666666665,0.8888888888888888,2.0,66.0,126.0,60.0,86.0,26.666666666666668,66.0,1.88,3.44,1.56,2.92,0.6933333333333334,3.44,2.0,2.0,0.0,2.0,0.0,2.0,0.0,4.0,4.0,2.6666666666666665,1.777777777777778,4.0,0.0,7.0,7.0,2.3333333333333335,3.1111111111111107,0.0,0.0,0.0,0.0,0.0,0.0,0.0,6.0,9.0,3.0,7.0,1.3333333333333333,6.0,0.0,0.0,0.0,0.0,0.0,0.0,0.0,2.0,2.0,1.3333333333333333,0.888888888888889,2.0,0.0,3.0,3.0,1.0,1.3333333333333333,0.0,0.0,0.0,0.0,0.0,0.0,0.0,2.0,3.0,1.0,2.3333333333333335,0.4444444444444445,2.0,9.105,10.245,1.1399999999999988,9.485,0.5066666666666659,9.105,0.0,0.0,0.0,0.0,0.0,0.0,0.0,1.5484712,1.5484712,0.5161570666666667,0.6882094222222221,0.0,12.0,194.0,182.0,72.66666666666667,80.8888888888889,12.0
35.22750000000041,2.4819196417315967,50.83691076660093,0.1372865209083509,7.0,72.0,65.0,32.0,26.666666666666668,7.0,45.0,94.0,49.0,73.66666666666667,19.11111111111111,45.0,14.0067,178.49,164.4833,75.98323333333333,68.33784444444444,14.0067,63.05,2506.0,2442.95,913.5500000000001,1061.6333333333332,63.05,4.0,17.0,13.0,12.0,5.333333333333333,4.0,2.0,6.0,4.0,3.6666666666666665,1.5555555555555554,2.0,71.0,175.0,104.0,116.0,39.333333333333336,71.0,1.3,3.16,1.86,2.5,0.8000000000000002,1.3,2.0,2.0,0.0,2.0,0.0,2.0,0.0,5.0,5.0,2.6666666666666665,1.777777777777778,0.0,0.0,2.0,2.0,0.6666666666666666,0.8888888888888888,0.0,0.0,14.0,14.0,4.666666666666667,6.222222222222222,0.0,5.0,18.0,13.0,10.0,5.333333333333333,5.0,0.0,0.0,0.0,0.0,0.0,0.0,0.0,3.0,3.0,1.3333333333333333,1.111111111111111,0.0,0.0,8.0,8.0,2.6666666666666665,3.5555555555555554,0.0,0.0,0.0,0.0,0.0,0.0,0.0,1.0,8.0,7.0,4.0,2.6666666666666665,1.0,14.76875,24.4975,9.728749999999998,20.48875,3.8133333333333326,14.76875,0.0,6.437,6.437,2.9766666666666666,2.306888888888889,0.0,0.0,0.0,0.0,0.0,0.0,0.0,64.0,194.0,130.0,150.66666666666666,57.77777777777778,64.0
247.88759999999942,0.38149733047215934,87.12942095777848,0.06560382303265165,6.0,20.0,14.0,10.0,4.0,8.0,7.0,87.0,80.0,69.0,24.8,87.0,12.0107,40.078,28.067300000000003,20.01738,8.024248,15.9994,54.8,3823.0,3768.2,1020.4799999999999,1158.816,54.8,2.0,16.0,14.0,12.8,4.319999999999999,16.0,2.0,4.0,2.0,2.4,0.6399999999999999,2.0,66.0,176.0,110.0,90.0,34.4,66.0,1.0,3.44,2.44,2.774,0.7992,3.44,2.0,2.0,0.0,2.0,0.0,2.0,0.0,4.0,4.0,2.8,1.44,4.0,0.0,0.0,0.0,0.0,0.0,0.0,0.0,0.0,0.0,0.0,0.0,0.0,2.0,6.0,4.0,4.8,1.44,6.0,0.0,0.0,0.0,0.0,0.0,0.0,0.0,4.0,4.0,2.0,0.8,2.0,0.0,0.0,0.0,0.0,0.0,0.0,0.0,0.0,0.0,0.0,0.0,0.0,0.0,4.0,4.0,2.0,0.8,2.0,5.64,37.77,32.13,14.145000000000001,9.450000000000001,9.105,0.0,4.496,4.496,0.8992000000000001,1.4387200000000002,0.0,0.0,0.0,0.0,0.0,0.0,0.0,12.0,225.0,213.0,91.0,94.8,12.0
278.156136363636,2.0801297983322034,67.23210841892907,0.09872118300833652,15.0,79.0,64.0,35.63636363636363,26.26446280991735,15.0,66.0,83.0,17.0,78.0909090909091,6.5950413223140485,83.0,30.973762,196.966569,165.992807,84.22054918181819,67.76863823140496,30.973762,317.3,1337.33,1020.03,612.5609090909091,395.32859504132233,317.3,11.0,15.0,4.0,13.818181818181818,1.5371900826446279,15.0,3.0,6.0,3.0,4.0,1.2727272727272727,3.0,107.0,139.0,32.0,117.81818181818181,13.768595041322312,107.0,1.96,2.54,0.5800000000000001,2.2645454545454546,0.1502479338842976,2.19,1.0,2.0,1.0,1.7272727272727273,0.396694214876033,2.0,0.0,3.0,3.0,2.090909090909091,1.1570247933884297,3.0,0.0,10.0,10.0,3.6363636363636362,4.628099173553719,0.0,0.0,14.0,14.0,3.8181818181818183,5.553719008264463,0.0,5.0,25.0,20.0,11.272727272727273,7.983471074380165,5.0,0.0,1.0,1.0,0.2727272727272727,0.396694214876033,0.0,0.0,4.0,4.0,2.272727272727273,1.2396694214876032,3.0,0.0,0.0,0.0,0.0,0.0,0.0,0.0,0.0,0.0,0.0,0.0,0.0,1.0,4.0,3.0,2.5454545454545454,0.8429752066115703,3.0,16.7,33.285,16.584999999999997,21.943333333309088,2.8599999999867785,22.5702380952,0.0,1.625,1.625,1.0340909090909092,0.7520661157024794,1.625,0.0,0.0,0.0,0.0,0.0,0.0,2.0,225.0,223.0,75.45454545454545,93.48760330578511,2.0
88.8086590909094,1.2520866402823276,97.53798360521274,0.06602242022205008,17.0,46.0,29.0,32.0,5.454545454545454,34.0,62.0,94.0,32.0,87.45454545454545,4.6280991735537205,89.0,35.453,106.42,70.967,73.54599999999999,13.852000000000002,78.96,171.6,1828.05,1656.45,556.6590909090909,231.16198347107436,494.0,10.0,17.0,7.0,15.636363636363637,1.0247933884297518,16.0,3.0,5.0,2.0,3.909090909090909,0.33057851239669417,4.0,102.0,139.0,37.0,118.45454545454545,5.983471074380166,120.0,2.2,3.16,0.96,2.629090909090909,0.19305785123966945,2.55,0.0,2.0,2.0,1.8181818181818181,0.3305785123966942,2.0,0.0,5.0,5.0,3.8181818181818183,0.6942148760330578,4.0,0.0,10.0,10.0,8.181818181818182,2.975206611570248,10.0,0.0,0.0,0.0,0.0,0.0,0.0,7.0,16.0,9.0,13.818181818181818,3.173553719008264,16.0,0.0,0.0,0.0,0.0,0.0,0.0,0.0,2.0,2.0,1.6363636363636365,0.5289256198347108,2.0,0.0,0.0,0.0,0.0,0.0,0.0,0.0,0.0,0.0,0.0,0.0,0.0,0.0,2.0,2.0,1.6363636363636365,0.5289256198347108,2.0,14.41,25.92,11.510000000000002,24.615000000000006,1.898181818181817,25.92,0.0,2.493,2.493,1.0343636363636364,0.5304132231404958,0.799,0.0,0.0,0.0,0.0,0.0,0.0,14.0,225.0,211.0,42.27272727272727,41.12396694214876,14.0
85.46425000000025,0.8942572061101827,81.61968857918257,0.09607259473616893,16.0,26.0,10.0,21.0,5.0,16.0,55.0,88.0,33.0,71.5,16.5,55.0,32.065,55.845,23.78,43.955,11.89,32.065,388.36,1811.0,1422.6399999999999,1099.68,711.3199999999999,388.36,8.0,16.0,8.0,12.0,4.0,8.0,3.0,4.0,1.0,3.5,0.5,3.0,105.0,132.0,27.0,118.5,13.5,105.0,1.83,2.58,0.75,2.205,0.375,1.83,2.0,2.0,0.0,2.0,0.0,2.0,0.0,4.0,4.0,2.0,2.0,0.0,0.0,6.0,6.0,3.0,3.0,0.0,0.0,0.0,0.0,0.0,0.0,0.0,6.0,8.0,2.0,7.0,1.0,6.0,0.0,0.0,0.0,0.0,0.0,0.0,0.0,2.0,2.0,1.0,1.0,0.0,0.0,4.0,4.0,2.0,2.0,0.0,0.0,0.0,0.0,0.0,0.0,0.0,2.0,4.0,2.0,3.0,1.0,2.0,10.73,25.786875,15.056874999999998,18.2584375,7.528437499999999,10.73,0.0,2.202,2.202,1.101,1.101,0.0,0.0,2.1106628,2.1106628,1.0553314,1.0553314,0.0,70.0,229.0,159.0,149.5,79.5,70.0
47.644166666666266,1.9108286541423853,67.1487202237521,0.18281730144553107,8.0,53.0,45.0,33.333333333333336,16.88888888888889,8.0,12.0,96.0,84.0,65.0,35.333333333333336,12.0,15.9994,126.90447,110.90507000000001,77.26990666666667,40.847004444444444,15.9994,54.8,1799.0,1744.2,746.8833333333333,701.4111111111112,54.8,3.0,17.0,14.0,12.0,6.0,3.0,2.0,5.0,3.0,4.0,1.3333333333333333,2.0,66.0,190.0,124.0,131.66666666666666,43.77777777777778,66.0,1.22,3.44,2.2199999999999998,2.44,0.8133333333333335,1.22,2.0,2.0,0.0,2.0,0.0,2.0,0.0,5.0,5.0,3.0,2.0,0.0,0.0,10.0,10.0,3.6666666666666665,4.222222222222222,0.0,0.0,0.0,0.0,0.0,0.0,0.0,3.0,17.0,14.0,8.666666666666666,5.5555555555555545,3.0,0.0,0.0,0.0,0.0,0.0,0.0,0.0,2.0,2.0,1.0,0.6666666666666666,0.0,0.0,9.0,9.0,3.0,4.0,0.0,0.0,0.0,0.0,0.0,0.0,0.0,1.0,9.0,8.0,4.0,3.3333333333333335,1.0,9.105,43.015,33.91,28.161666666666672,12.704444444444443,9.105,0.0,1.062,1.062,0.35400000000000004,0.47200000000000003,0.0,0.0,0.0,0.0,0.0,0.0,0.0,12.0,194.0,182.0,90.0,69.33333333333333,12.0
75.46296666666663,1.1599801324165593,104.37773591160958,0.07360205412971553,27.0,35.0,8.0,32.333333333333336,3.555555555555555,35.0,58.0,95.0,37.0,82.66666666666667,16.444444444444443,95.0,58.933195,79.904,20.970805,72.91373166666666,9.320357777777778,79.904,265.8,1768.0,1502.2,766.5333333333333,667.6444444444445,265.8,9.0,17.0,8.0,14.333333333333334,3.5555555555555554,17.0,4.0,4.0,0.0,4.0,0.0,4.0,120.0,126.0,6.0,122.0,2.6666666666666665,120.0,1.88,2.96,1.08,2.6,0.48,2.96,2.0,2.0,0.0,2.0,0.0,2.0,0.0,5.0,5.0,3.3333333333333335,2.222222222222222,5.0,7.0,10.0,3.0,9.0,1.3333333333333333,10.0,0.0,0.0,0.0,0.0,0.0,0.0,9.0,17.0,8.0,14.333333333333334,3.5555555555555554,17.0,0.0,0.0,0.0,0.0,0.0,0.0,0.0,1.0,1.0,0.6666666666666666,0.4444444444444445,1.0,0.0,3.0,3.0,1.0,1.3333333333333333,0.0,0.0,0.0,0.0,0.0,0.0,0.0,1.0,3.0,2.0,1.6666666666666667,0.888888888888889,1.0,10.245,29.48,19.235,23.06833333333333,8.54888888888889,29.48,0.0,1.457,1.457,0.9713333333333334,0.6475555555555556,1.457,0.0,1.5484712,1.5484712,0.5161570666666667,0.6882094222222221,0.0,64.0,194.0,130.0,107.33333333333333,57.77777777777777,64.0
172.01489999999998,1.7059674822872857,101.84489815109787,0.1089698680653716,28.0,52.0,24.0,44.0,10.666666666666666,52.0,61.0,90.0,29.0,80.33333333333333,12.888888888888891,90.0,58.6934,127.6,68.9066,104.63113333333332,30.625155555555555,127.6,722.66,1728.0,1005.34,1057.7733333333333,446.8177777777778,722.66,10.0,16.0,6.0,14.0,2.6666666666666665,16.0,4.0,5.0,1.0,4.666666666666667,0.44444444444444436,5.0,124.0,138.0,14.0,133.33333333333334,6.222222222222219,138.0,1.91,2.1,0.19000000000000017,2.0366666666666666,0.08444444444444454,2.1,2.0,2.0,0.0,2.0,0.0,2.0,0.0,4.0,4.0,2.6666666666666665,1.777777777777778,4.0,8.0,10.0,2.0,9.333333333333334,0.8888888888888887,10.0,0.0,0.0,0.0,0.0,0.0,0.0,10.0,16.0,6.0,14.0,2.6666666666666665,16.0,0.0,0.0,0.0,0.0,0.0,0.0,0.0,2.0,2.0,1.3333333333333333,0.888888888888889,2.0,0.0,2.0,2.0,0.6666666666666666,0.888888888888889,0.0,0.0,0.0,0.0,0.0,0.0,0.0,2.0,2.0,0.0,2.0,0.0,2.0,10.32,34.7633333333,24.443333333299996,26.61555555553333,10.86370370368889,34.7633333333,0.0,0.464,0.464,0.30933333333333335,0.20622222222222222,0.464,0.0,0.5953947,0.5953947,0.19846490000000003,0.26461986666666665,0.0,152.0,225.0,73.0,176.33333333333334,32.44444444444445,152.0
199.7194999999996,0.9118108035614979,112.26353108692875,0.08812889251324835,16.0,40.0,24.0,28.0,12.0,16.0,44.0,88.0,44.0,66.0,22.0,44.0,32.065,91.224,59.159000000000006,61.6445,29.579500000000003,32.065,388.36,2128.0,1739.6399999999999,1258.18,869.8199999999999,388.36,4.0,16.0,12.0,10.0,6.0,4.0,3.0,5.0,2.0,4.0,1.0,3.0,105.0,175.0,70.0,140.0,35.0,105.0,1.33,2.58,1.25,1.955,0.625,1.33,2.0,2.0,0.0,2.0,0.0,2.0,0.0,4.0,4.0,2.0,2.0,0.0,0.0,2.0,2.0,1.0,1.0,0.0,0.0,0.0,0.0,0.0,0.0,0.0,4.0,6.0,2.0,5.0,1.0,4.0,0.0,0.0,0.0,0.0,0.0,0.0,0.0,2.0,2.0,1.0,1.0,0.0,0.0,8.0,8.0,4.0,4.0,0.0,0.0,0.0,0.0,0.0,0.0,0.0,2.0,8.0,6.0,5.0,3.0,2.0,23.195,25.786875,2.591874999999998,24.4909375,1.295937499999999,23.195,0.0,2.202,2.202,1.101,1.101,0.0,0.0,0.0,0.0,0.0,0.0,0.0,70.0,194.0,124.0,132.0,62.0,70.0
88.09937499999964,0.7560849831585987,42.80604438171491,0.11115423165771669,1.0,21.0,20.0,9.5,5.75,8.0,11.0,92.0,81.0,69.25,29.125,87.0,1.00794,44.955912,43.947972,19.490662999999998,12.732624499999998,15.9994,14.01,1814.0,1799.99,484.4025,664.7987499999999,54.8,1.0,16.0,15.0,9.0,7.0,16.0,1.0,4.0,3.0,2.25,0.875,2.0,31.0,170.0,139.0,83.25,43.375,66.0,1.36,3.44,2.08,2.61,0.8299999999999998,3.44,1.0,2.0,1.0,1.75,0.375,2.0,0.0,4.0,4.0,2.0,2.0,4.0,0.0,1.0,1.0,0.25,0.375,0.0,0.0,0.0,0.0,0.0,0.0,0.0,1.0,6.0,5.0,4.0,2.0,6.0,0.0,1.0,1.0,0.25,0.375,0.0,0.0,2.0,2.0,1.0,1.0,2.0,0.0,9.0,9.0,2.25,3.375,0.0,0.0,0.0,0.0,0.0,0.0,0.0,1.0,9.0,8.0,3.5,2.75,2.0,6.615,22.235,15.62,11.765,5.234999999999999,9.105,0.0,7.853,7.853,1.96325,2.944875,0.0,0.0,6.35e-06,6.35e-06,1.5875e-06,2.3812500000000003e-06,0.0,12.0,194.0,182.0,103.0,91.0,12.0
178.34704166666683,0.8747431330688828,230.14829128455767,0.05086593789573293,41.0,53.0,12.0,51.0,3.3333333333333335,53.0,47.0,96.0,49.0,87.83333333333333,13.611111111111114,96.0,92.90638,126.90447,33.998090000000005,121.23812166666666,9.443913888888899,126.90447,386.85,2750.0,2363.15,780.7083333333334,656.4305555555555,386.85,5.0,17.0,12.0,15.0,3.3333333333333335,17.0,5.0,5.0,0.0,5.0,0.0,5.0,139.0,164.0,25.0,143.16666666666666,6.944444444444438,139.0,1.6,2.66,1.06,2.4833333333333334,0.2944444444444445,2.66,1.0,2.0,1.0,1.8333333333333333,0.27777777777777785,2.0,0.0,5.0,5.0,4.166666666666667,1.3888888888888886,5.0,4.0,10.0,6.0,9.0,1.6666666666666667,10.0,0.0,0.0,0.0,0.0,0.0,0.0,5.0,17.0,12.0,15.0,3.3333333333333335,17.0,0.0,1.0,1.0,0.16666666666666666,0.27777777777777773,0.0,0.0,1.0,1.0,0.8333333333333334,0.27777777777777773,1.0,0.0,6.0,6.0,1.0,1.6666666666666667,0.0,0.0,0.0,0.0,0.0,0.0,0.0,1.0,7.0,6.0,2.0,1.6666666666666667,1.0,18.18,43.015,24.835,38.87583333333333,6.898611111111112,43.015,0.0,1.062,1.062,0.8850000000000001,0.295,1.062,0.0,0.0,0.0,0.0,0.0,0.0,64.0,229.0,165.0,91.5,45.833333333333336,64.0
39.95116666666654,1.1445565154164163,68.12023909694518,0.1195566838365129,8.0,35.0,27.0,21.333333333333332,9.11111111111111,8.0,11.0,95.0,84.0,64.33333333333333,35.55555555555556,11.0,15.9994,79.904,63.904599999999995,46.953103999999996,21.967264,15.9994,54.8,1814.0,1759.2,711.5333333333334,734.9777777777778,54.8,3.0,17.0,14.0,12.0,6.0,3.0,2.0,4.0,2.0,3.3333333333333335,0.8888888888888888,2.0,66.0,170.0,104.0,118.66666666666667,35.11111111111111,66.0,1.36,3.44,2.08,2.5866666666666664,0.8177777777777777,1.36,2.0,2.0,0.0,2.0,0.0,2.0,0.0,5.0,5.0,3.0,2.0,0.0,0.0,10.0,10.0,3.6666666666666665,4.222222222222222,0.0,0.0,0.0,0.0,0.0,0.0,0.0,3.0,17.0,14.0,8.666666666666666,5.5555555555555545,3.0,0.0,0.0,0.0,0.0,0.0,0.0,0.0,2.0,2.0,1.0,0.6666666666666666,0.0,0.0,9.0,9.0,3.0,4.0,0.0,0.0,0.0,0.0,0.0,0.0,0.0,1.0,9.0,8.0,4.0,3.3333333333333335,1.0,9.105,29.48,20.375,20.273333333333337,7.445555555555554,9.105,0.0,1.457,1.457,0.4856666666666667,0.6475555555555556,0.0,0.0,6.35e-06,6.35e-06,2.1166666666666666e-06,2.8222222222222223e-06,0.0,12.0,194.0,182.0,90.0,69.33333333333333,12.0
58.75692499999996,1.5934494309451548,77.47152976572423,0.1005104612605078,31.0,34.0,3.0,32.5,1.5,31.0,74.0,89.0,15.0,81.5,7.5,74.0,69.723,78.96,9.236999999999995,74.3415,4.618499999999997,69.723,302.91,494.0,191.08999999999997,398.45500000000004,95.54499999999999,302.91,13.0,16.0,3.0,14.5,1.5,13.0,4.0,4.0,0.0,4.0,0.0,4.0,120.0,122.0,2.0,121.0,1.0,120.0,1.81,2.55,0.7399999999999998,2.1799999999999997,0.3699999999999999,1.81,2.0,2.0,0.0,2.0,0.0,2.0,1.0,4.0,3.0,2.5,1.5,1.0,10.0,10.0,0.0,10.0,0.0,10.0,0.0,0.0,0.0,0.0,0.0,0.0,13.0,16.0,3.0,14.5,1.5,13.0,0.0,0.0,0.0,0.0,0.0,0.0,2.0,5.0,3.0,3.5,1.5,2.0,0.0,0.0,0.0,0.0,0.0,0.0,0.0,0.0,0.0,0.0,0.0,0.0,2.0,5.0,3.0,3.5,1.5,2.0,18.8575,25.92,7.0625,22.38875,3.53125,18.8575,0.0,0.799,0.799,0.3995,0.3995,0.0,0.0,0.0,0.0,0.0,0.0,0.0,14.0,64.0,50.0,39.0,25.0,14.0
430.04450000000014,1.378930013481274,103.67214950395933,0.14811421935451508,16.0,58.0,42.0,37.0,21.0,16.0,15.0,88.0,73.0,51.5,36.5,15.0,32.065,140.116,108.05100000000002,86.0905,54.02550000000001,32.065,388.36,1071.0,682.64,729.6800000000001,341.32,388.36,3.0,16.0,13.0,9.5,6.5,3.0,3.0,6.0,3.0,4.5,1.5,3.0,105.0,204.0,99.0,154.5,49.5,105.0,1.12,2.58,1.46,1.85,0.73,1.12,2.0,2.0,0.0,2.0,0.0,2.0,0.0,4.0,4.0,2.0,2.0,0.0,0.0,1.0,1.0,0.5,0.5,0.0,0.0,1.0,1.0,0.5,0.5,0.0,4.0,6.0,2.0,5.0,1.0,4.0,0.0,0.0,0.0,0.0,0.0,0.0,0.0,2.0,2.0,1.0,1.0,0.0,0.0,9.0,9.0,4.5,4.5,0.0,0.0,13.0,13.0,6.5,6.5,0.0,2.0,22.0,20.0,12.0,10.0,2.0,25.786875,37.24,11.453125000000004,31.513437500000002,5.726562500000002,25.786875,0.0,2.202,2.202,1.101,1.101,0.0,0.0,0.0,0.0,0.0,0.0,0.0,70.0,194.0,124.0,132.0,62.0,70.0
55.293999999999954,0.9717306713484394,50.037205424482714,0.08862470487405394,8.0,26.0,18.0,14.0,8.0,8.0,55.0,87.0,32.0,76.33333333333333,14.222222222222223,87.0,15.9994,55.845,39.8456,29.281266666666667,17.709155555555554,15.9994,54.8,1811.0,1756.2,640.1999999999999,780.5333333333334,54.8,8.0,16.0,8.0,13.333333333333334,3.5555555555555554,16.0,2.0,4.0,2.0,2.6666666666666665,0.8888888888888888,2.0,66.0,132.0,66.0,88.0,29.333333333333332,66.0,1.83,3.44,1.6099999999999999,2.9033333333333338,0.7155555555555554,3.44,2.0,2.0,0.0,2.0,0.0,2.0,0.0,4.0,4.0,2.6666666666666665,1.777777777777778,4.0,0.0,6.0,6.0,2.0,2.6666666666666665,0.0,0.0,0.0,0.0,0.0,0.0,0.0,6.0,8.0,2.0,6.666666666666667,0.888888888888889,6.0,0.0,0.0,0.0,0.0,0.0,0.0,0.0,2.0,2.0,1.3333333333333333,0.888888888888889,2.0,0.0,4.0,4.0,1.3333333333333333,1.777777777777778,0.0,0.0,0.0,0.0,0.0,0.0,0.0,2.0,4.0,2.0,2.6666666666666665,0.8888888888888888,2.0,9.105,10.73,1.625,9.646666666666667,0.722222222222222,9.105,0.0,0.0,0.0,0.0,0.0,0.0,0.0,2.1106628,2.1106628,0.7035542666666667,0.9380723555555557,0.0,12.0,229.0,217.0,84.33333333333333,96.44444444444446,12.0
77.68725625000006,2.2589292964885836,123.45449443279666,0.11604002402818744,53.0,83.0,30.0,68.0,15.0,53.0,86.0,96.0,10.0,91.0,5.0,86.0,126.90447,208.9804,82.07593,167.942435,41.037965,126.90447,386.85,544.4,157.54999999999995,465.625,78.77499999999998,386.85,15.0,17.0,2.0,16.0,1.0,15.0,5.0,6.0,1.0,5.5,0.5,5.0,139.0,148.0,9.0,143.5,4.5,139.0,2.02,2.66,0.6400000000000001,2.34,0.32000000000000006,2.02,2.0,2.0,0.0,2.0,0.0,2.0,3.0,5.0,2.0,4.0,1.0,3.0,10.0,10.0,0.0,10.0,0.0,10.0,0.0,14.0,14.0,7.0,7.0,0.0,17.0,29.0,12.0,23.0,6.0,17.0,0.0,0.0,0.0,0.0,0.0,0.0,1.0,3.0,2.0,2.0,1.0,1.0,0.0,0.0,0.0,0.0,0.0,0.0,0.0,0.0,0.0,0.0,0.0,0.0,1.0,3.0,2.0,2.0,1.0,1.0,32.95,43.015,10.064999999999998,37.9825,5.032499999999999,32.95,0.0,1.062,1.062,0.531,0.531,0.0,0.0,0.0,0.0,0.0,0.0,0.0,12.0,64.0,52.0,38.0,26.0,12.0
81.28793749999997,1.5148457687130275,118.36765717522763,0.06213241503265026,35.0,77.0,42.0,45.5,15.75,35.0,60.0,95.0,35.0,86.25,13.125,95.0,79.904,192.217,112.31300000000002,107.98225,42.117375,79.904,265.8,2739.0,2473.2,884.1,927.45,265.8,9.0,17.0,8.0,15.0,3.0,17.0,4.0,6.0,2.0,4.5,0.75,4.0,120.0,141.0,21.0,125.25,7.875,120.0,2.2,2.96,0.7599999999999998,2.7699999999999996,0.28500000000000014,2.96,2.0,2.0,0.0,2.0,0.0,2.0,0.0,5.0,5.0,3.75,1.875,5.0,7.0,10.0,3.0,9.25,1.125,10.0,0.0,14.0,14.0,3.5,5.25,0.0,17.0,23.0,6.0,18.5,2.25,17.0,0.0,0.0,0.0,0.0,0.0,0.0,0.0,1.0,1.0,0.75,0.375,1.0,0.0,3.0,3.0,0.75,1.125,0.0,0.0,0.0,0.0,0.0,0.0,0.0,1.0,3.0,2.0,1.5,0.75,1.0,14.21,29.48,15.27,25.6625,5.726249999999999,29.48,0.0,1.457,1.457,1.09275,0.546375,1.457,0.0,0.0,0.0,0.0,0.0,0.0,64.0,225.0,161.0,104.25,60.375,64.0
75.87883333333335,0.30159107240548283,139.74176567388787,0.023410647018534653,6.0,16.0,10.0,12.666666666666666,4.444444444444445,16.0,77.0,88.0,11.0,84.33333333333333,4.88888888888889,88.0,12.0107,32.065,20.054299999999998,25.380233333333333,8.91302222222222,32.065,388.36,3823.0,3434.64,1533.24,1526.506666666667,388.36,14.0,16.0,2.0,15.333333333333334,0.8888888888888887,16.0,2.0,3.0,1.0,2.6666666666666665,0.4444444444444445,3.0,76.0,105.0,29.0,95.33333333333333,12.888888888888891,105.0,2.55,2.58,0.03000000000000025,2.57,0.013333333333333494,2.58,2.0,2.0,0.0,2.0,0.0,2.0,2.0,4.0,2.0,3.3333333333333335,0.8888888888888888,4.0,0.0,0.0,0.0,0.0,0.0,0.0,0.0,0.0,0.0,0.0,0.0,0.0,4.0,6.0,2.0,5.333333333333333,0.888888888888889,6.0,0.0,0.0,0.0,0.0,0.0,0.0,2.0,4.0,2.0,2.6666666666666665,0.8888888888888888,2.0,0.0,0.0,0.0,0.0,0.0,0.0,0.0,0.0,0.0,0.0,0.0,0.0,2.0,4.0,2.0,2.6666666666666665,0.8888888888888888,2.0,5.64,25.786875,20.146874999999998,19.07125,8.954166666666666,25.786875,2.202,4.496,2.2940000000000005,2.966666666666667,1.0195555555555558,2.202,0.0,0.0,0.0,0.0,0.0,0.0,70.0,194.0,124.0,111.33333333333333,55.11111111111111,70.0
40.11516666666726,1.9341421346055383,37.59355024254376,0.3024023148238054,8.0,38.0,30.0,20.0,11.0,8.0,8.0,94.0,86.0,63.083333333333336,30.23611111111111,87.0,15.9994,87.62,71.62060000000001,43.787749999999996,25.935208333333332,15.9994,54.8,1811.0,1756.2,615.7666666666667,615.5277777777778,54.8,2.0,17.0,15.0,11.333333333333334,5.777777777777778,16.0,2.0,5.0,3.0,3.25,1.125,2.0,66.0,195.0,129.0,115.25,45.458333333333336,66.0,0.95,3.44,2.49,2.5025,1.0004166666666665,3.44,2.0,2.0,0.0,2.0,0.0,2.0,0.0,5.0,5.0,2.5,2.0833333333333335,4.0,0.0,6.0,6.0,1.0,1.6666666666666667,0.0,0.0,0.0,0.0,0.0,0.0,0.0,2.0,8.0,6.0,5.5,1.75,6.0,0.0,0.0,0.0,0.0,0.0,0.0,0.0,2.0,2.0,1.0,0.8333333333333334,2.0,0.0,4.0,4.0,0.6666666666666666,1.1111111111111114,0.0,0.0,0.0,0.0,0.0,0.0,0.0,0.0,4.0,4.0,1.6666666666666667,1.0555555555555556,2.0,9.105,54.23,45.125,23.2225,15.928749999999999,9.105,0.0,2.493,2.493,0.4155,0.6924999999999999,0.0,0.0,2.1106628,2.1106628,0.3517771333333333,0.5862952222222223,0.0,12.0,229.0,217.0,110.08333333333333,97.09722222222221,12.0
44.67241666666677,2.773242438198556,70.96498785651501,0.2026638356408669,31.0,65.0,34.0,49.666666666666664,12.444444444444445,31.0,29.0,96.0,67.0,66.33333333333333,24.88888888888889,29.0,69.723,158.92535,89.20235000000001,118.51760666666667,32.52973777777778,69.723,302.91,1629.0,1326.09,772.9200000000001,570.7199999999999,302.91,3.0,17.0,14.0,11.0,5.333333333333333,3.0,4.0,6.0,2.0,5.0,0.6666666666666666,4.0,122.0,194.0,72.0,151.66666666666666,28.222222222222218,122.0,1.21,2.66,1.4500000000000002,1.8933333333333333,0.5111111111111112,1.21,2.0,2.0,0.0,2.0,0.0,2.0,0.0,5.0,5.0,2.0,2.0,0.0,0.0,10.0,10.0,6.666666666666667,4.444444444444444,0.0,0.0,9.0,9.0,3.0,4.0,0.0,11.0,17.0,6.0,13.666666666666666,2.222222222222222,11.0,0.0,0.0,0.0,0.0,0.0,0.0,0.0,5.0,5.0,2.0,2.0,0.0,0.0,0.0,0.0,0.0,0.0,0.0,0.0,5.0,5.0,1.6666666666666667,2.2222222222222223,0.0,1.0,5.0,4.0,3.6666666666666665,1.777777777777778,1.0,18.8575,43.015,24.1575,31.203055555566667,8.230370370377777,18.8575,0.0,1.062,1.062,0.35400000000000004,0.472,0.0,0.0,0.0,0.0,0.0,0.0,0.0,64.0,194.0,130.0,107.33333333333333,57.77777777777777,64.0
85.9906666666661,0.35644103048924947,143.20034937791362,0.03247864555442087,14.0,16.0,2.0,15.333333333333334,0.8888888888888887,16.0,78.0,88.0,10.0,84.66666666666667,4.444444444444443,88.0,28.0855,32.065,3.979499999999998,30.7385,1.7686666666666657,32.065,388.36,1687.0,1298.6399999999999,821.2400000000001,577.1733333333333,388.36,14.0,16.0,2.0,15.333333333333334,0.8888888888888887,16.0,3.0,3.0,0.0,3.0,0.0,3.0,105.0,111.0,6.0,107.0,2.6666666666666665,105.0,1.9,2.58,0.6800000000000002,2.3533333333333335,0.3022222222222222,2.58,2.0,2.0,0.0,2.0,0.0,2.0,2.0,4.0,2.0,3.3333333333333335,0.8888888888888888,4.0,0.0,0.0,0.0,0.0,0.0,0.0,0.0,0.0,0.0,0.0,0.0,0.0,4.0,6.0,2.0,5.333333333333333,0.888888888888889,6.0,0.0,0.0,0.0,0.0,0.0,0.0,2.0,4.0,2.0,2.6666666666666665,0.8888888888888888,2.0,0.0,0.0,0.0,0.0,0.0,0.0,0.0,0.0,0.0,0.0,0.0,0.0,2.0,4.0,2.0,2.6666666666666665,0.8888888888888888,2.0,20.44,25.786875,5.346874999999997,24.004583333333333,2.3763888888888878,25.786875,0.773,2.202,1.4289999999999998,1.7256666666666665,0.6351111111111112,2.202,0.0,0.0,0.0,0.0,0.0,0.0,70.0,227.0,157.0,122.33333333333333,69.77777777777777,70.0
122.80690909090896,1.5863772244093923,72.7887496608024,0.16224392422192893,6.0,59.0,53.0,30.272727272727273,20.892561983471072,17.0,17.0,94.0,77.0,62.90909090909091,33.388429752066116,94.0,12.0107,140.90765,128.89695,69.53790909090908,51.90526611570247,35.453,171.6,3823.0,3651.4,1210.909090909091,949.8512396694216,171.6,3.0,17.0,14.0,11.363636363636363,6.082644628099174,17.0,2.0,6.0,4.0,3.909090909090909,1.5206611570247934,3.0,76.0,203.0,127.0,134.0,50.18181818181818,102.0,1.13,3.16,2.0300000000000002,2.310909090909091,0.8588429752066117,3.16,2.0,2.0,0.0,2.0,0.0,2.0,0.0,5.0,5.0,2.6363636363636362,2.148760330578512,5.0,0.0,0.0,0.0,0.0,0.0,0.0,0.0,3.0,3.0,1.0909090909090908,1.3884297520661157,0.0,4.0,7.0,3.0,5.7272727272727275,1.1570247933884297,7.0,0.0,0.0,0.0,0.0,0.0,0.0,0.0,4.0,4.0,1.1818181818181819,1.0247933884297522,1.0,0.0,0.0,0.0,0.0,0.0,0.0,0.0,11.0,11.0,4.0,5.090909090909091,0.0,1.0,11.0,10.0,5.181818181818182,4.231404958677686,1.0,5.64,35.675,30.034999999999997,25.133409090909087,7.666611570247932,24.4975,0.0,4.496,4.496,1.9506363636363637,1.4186446280991734,2.493,0.0,0.0,0.0,0.0,0.0,0.0,64.0,194.0,130.0,134.9090909090909,64.46280991735536,64.0
40.42100000000026,1.6191395807659426,74.7678640196821,0.12279280122070829,8.0,68.0,60.0,31.0,24.666666666666668,8.0,35.0,94.0,59.0,72.0,24.666666666666668,35.0,15.9994,167.259,151.25959999999998,72.9038,62.90346666666667,15.9994,54.8,1770.0,1715.2,665.4666666666666,736.3555555555555,54.8,3.0,17.0,14.0,12.0,6.0,3.0,2.0,6.0,4.0,3.6666666666666665,1.5555555555555554,2.0,66.0,189.0,123.0,119.0,46.666666666666664,66.0,1.24,3.44,2.2,2.6133333333333333,0.9155555555555557,1.24,2.0,2.0,0.0,2.0,0.0,2.0,0.0,5.0,5.0,3.0,2.0,0.0,0.0,0.0,0.0,0.0,0.0,0.0,0.0,12.0,12.0,4.0,5.333333333333333,0.0,6.0,14.0,8.0,9.0,3.3333333333333335,6.0,0.0,0.0,0.0,0.0,0.0,0.0,0.0,2.0,2.0,1.0,0.6666666666666666,0.0,0.0,0.0,0.0,0.0,0.0,0.0,0.0,2.0,2.0,0.6666666666666666,0.8888888888888888,0.0,1.0,2.0,1.0,1.6666666666666667,0.4444444444444444,1.0,9.105,30.585,21.48,21.395833333333332,8.193888888888889,9.105,0.0,2.493,2.493,0.831,1.1079999999999999,0.0,0.0,0.0,0.0,0.0,0.0,0.0,12.0,194.0,182.0,90.0,69.33333333333333,12.0
96.67024999999984,0.8191465461427254,111.42652520413591,0.04738286726677425,15.0,34.0,19.0,24.5,9.5,15.0,83.0,89.0,6.0,86.0,3.0,83.0,30.973762,78.96,47.98623799999999,54.966881,23.993118999999997,30.973762,317.3,494.0,176.7,405.65,88.35,317.3,15.0,16.0,1.0,15.5,0.5,15.0,3.0,4.0,1.0,3.5,0.5,3.0,107.0,120.0,13.0,113.5,6.5,107.0,2.19,2.55,0.3599999999999999,2.37,0.17999999999999994,2.19,2.0,2.0,0.0,2.0,0.0,2.0,3.0,4.0,1.0,3.5,0.5,3.0,0.0,10.0,10.0,5.0,5.0,0.0,0.0,0.0,0.0,0.0,0.0,0.0,5.0,16.0,11.0,10.5,5.5,5.0,0.0,0.0,0.0,0.0,0.0,0.0,2.0,3.0,1.0,2.5,0.5,2.0,0.0,0.0,0.0,0.0,0.0,0.0,0.0,0.0,0.0,0.0,0.0,0.0,2.0,3.0,1.0,2.5,0.5,2.0,22.5702380952,25.92,3.349761904800001,24.2451190476,1.6748809524000006,22.5702380952,0.799,1.625,0.826,1.212,0.413,0.799,0.0,0.0,0.0,0.0,0.0,0.0,2.0,14.0,12.0,8.0,6.0,2.0
95.85414999999963,1.781639034279582,138.1354438256688,0.10193645282075926,52.0,90.0,38.0,60.0,12.0,52.0,16.0,96.0,80.0,77.6,24.640000000000004,90.0,126.90447,232.03806,105.13359,148.20940000000002,33.531464000000014,126.90447,386.85,2023.0,1636.15,848.4039999999999,469.8383999999999,386.85,3.0,17.0,14.0,13.8,4.319999999999999,16.0,5.0,7.0,2.0,5.4,0.6400000000000002,5.0,138.0,206.0,68.0,152.0,21.6,138.0,1.3,2.66,1.36,2.164,0.39680000000000004,2.1,2.0,2.0,0.0,2.0,0.0,2.0,0.0,5.0,5.0,3.6,1.44,4.0,2.0,10.0,8.0,8.4,2.5599999999999996,10.0,0.0,0.0,0.0,0.0,0.0,0.0,4.0,17.0,13.0,14.0,4.0,16.0,0.0,0.0,0.0,0.0,0.0,0.0,0.0,2.0,2.0,1.2,0.6399999999999999,1.0,0.0,8.0,8.0,1.6,2.56,0.0,0.0,0.0,0.0,0.0,0.0,0.0,1.0,8.0,7.0,2.8,2.0799999999999996,1.0,32.37,43.015,10.645000000000003,37.58533333332,4.3437333333440025,34.7633333333,0.0,1.062,1.062,0.6104,0.36128,0.464,0.0,0.0,0.0,0.0,0.0,0.0,64.0,225.0,161.0,131.4,53.92,64.0
123.00782500000007,1.534776539853906,111.6434221887645,0.09306678261263737,35.0,70.0,35.0,43.75,13.125,35.0,39.0,95.0,56.0,81.0,21.0,95.0,79.904,173.054,93.15,103.19149999999999,34.93125,79.904,265.8,1092.0,826.2,472.35,309.82500000000005,265.8,3.0,17.0,14.0,13.5,5.25,17.0,4.0,6.0,2.0,4.5,0.75,4.0,120.0,187.0,67.0,136.75,25.125,120.0,1.26,2.96,1.7,2.5349999999999997,0.6375000000000002,2.96,2.0,2.0,0.0,2.0,0.0,2.0,0.0,5.0,5.0,3.75,1.875,5.0,0.0,10.0,10.0,7.5,3.75,10.0,0.0,14.0,14.0,3.5,5.25,0.0,16.0,17.0,1.0,16.75,0.375,17.0,0.0,0.0,0.0,0.0,0.0,0.0,0.0,1.0,1.0,0.75,0.375,1.0,0.0,0.0,0.0,0.0,0.0,0.0,0.0,0.0,0.0,0.0,0.0,0.0,0.0,1.0,1.0,0.75,0.375,1.0,29.48,34.12,4.639999999999997,30.64,1.7399999999999993,29.48,0.0,1.457,1.457,1.09275,0.546375,1.457,0.0,0.0,0.0,0.0,0.0,0.0,64.0,225.0,161.0,104.25,60.375,64.0
47.00216666666712,2.7600995676349287,63.746130025956795,0.18222343586847273,8.0,71.0,63.0,44.0,24.0,8.0,41.0,96.0,55.0,74.66666666666667,22.444444444444443,41.0,15.9994,174.9668,158.9674,105.95688999999999,59.97166000000001,15.9994,54.8,1936.0,1881.2,792.5500000000001,762.3000000000001,54.8,3.0,17.0,14.0,12.0,6.0,3.0,2.0,6.0,4.0,4.333333333333333,1.5555555555555556,2.0,66.0,187.0,121.0,130.66666666666666,43.111111111111114,66.0,1.27,3.44,2.17,2.4566666666666666,0.7911111111111112,1.27,2.0,2.0,0.0,2.0,0.0,2.0,0.0,5.0,5.0,3.0,2.0,0.0,0.0,10.0,10.0,3.6666666666666665,4.222222222222222,0.0,0.0,14.0,14.0,4.666666666666667,6.222222222222222,0.0,6.0,17.0,11.0,13.333333333333334,4.888888888888888,6.0,0.0,0.0,0.0,0.0,0.0,0.0,0.0,2.0,2.0,1.0,0.6666666666666666,0.0,0.0,9.0,9.0,3.0,4.0,0.0,0.0,0.0,0.0,0.0,0.0,0.0,1.0,9.0,8.0,4.0,3.3333333333333335,1.0,9.105,43.015,33.91,26.995,11.926666666666668,9.105,0.0,1.062,1.062,0.35400000000000004,0.47200000000000003,0.0,0.0,0.0022471,0.0022471,0.0007490333333333333,0.0009987111111111112,0.0,12.0,194.0,182.0,90.0,69.33333333333333,12.0
71.92963333333324,0.8861375576063758,115.00352533480672,0.0779060742364568,12.0,35.0,23.0,27.333333333333332,10.222222222222223,35.0,68.0,95.0,27.0,86.0,12.0,95.0,24.305,79.904,55.599,61.371,24.710666666666665,79.904,265.8,923.0,657.2,484.8666666666666,292.0888888888889,265.8,2.0,17.0,15.0,12.0,6.666666666666667,17.0,3.0,4.0,1.0,3.6666666666666665,0.4444444444444445,4.0,120.0,141.0,21.0,127.0,9.333333333333334,120.0,1.31,2.96,1.65,2.41,0.7333333333333333,2.96,2.0,2.0,0.0,2.0,0.0,2.0,0.0,5.0,5.0,3.3333333333333335,2.222222222222222,5.0,0.0,10.0,10.0,6.666666666666667,4.444444444444444,10.0,0.0,0.0,0.0,0.0,0.0,0.0,2.0,17.0,15.0,12.0,6.666666666666667,17.0,0.0,0.0,0.0,0.0,0.0,0.0,0.0,1.0,1.0,0.6666666666666666,0.4444444444444445,1.0,0.0,0.0,0.0,0.0,0.0,0.0,0.0,0.0,0.0,0.0,0.0,0.0,0.0,1.0,1.0,0.6666666666666666,0.4444444444444445,1.0,22.89,29.48,6.59,27.28333333333333,2.9288888888888898,29.48,0.0,1.457,1.457,0.9713333333333334,0.6475555555555556,1.457,0.0,0.0,0.0,0.0,0.0,0.0,64.0,194.0,130.0,107.33333333333333,57.77777777777777,64.0
41.27266666666696,1.2241159919769073,64.10814311871627,0.09886946342846326,7.0,35.0,28.0,21.333333333333332,9.555555555555555,7.0,43.0,95.0,52.0,73.33333333333333,20.222222222222225,43.0,14.0067,79.904,65.8973,47.25923333333333,22.168355555555554,14.0067,63.05,1941.0,1877.95,756.6166666666668,789.588888888889,63.05,4.0,17.0,13.0,12.0,5.333333333333333,4.0,2.0,4.0,2.0,3.3333333333333335,0.8888888888888888,2.0,71.0,160.0,89.0,117.0,30.666666666666668,71.0,1.54,3.04,1.5,2.513333333333333,0.648888888888889,1.54,2.0,2.0,0.0,2.0,0.0,2.0,0.0,5.0,5.0,2.6666666666666665,1.777777777777778,0.0,0.0,10.0,10.0,4.0,4.0,0.0,0.0,0.0,0.0,0.0,0.0,0.0,4.0,17.0,13.0,8.666666666666666,5.5555555555555545,4.0,0.0,0.0,0.0,0.0,0.0,0.0,0.0,3.0,3.0,1.3333333333333333,1.111111111111111,0.0,0.0,8.0,8.0,2.6666666666666665,3.5555555555555554,0.0,0.0,0.0,0.0,0.0,0.0,0.0,1.0,8.0,7.0,4.0,2.6666666666666665,1.0,14.76875,29.48,14.71125,20.312916666666666,6.1113888888888885,14.76875,0.0,6.437,6.437,2.6313333333333335,2.5371111111111113,0.0,0.0,2.25333333333e-05,2.25333333333e-05,7.5111111111e-06,1.00148148148e-05,0.0,64.0,194.0,130.0,150.66666666666666,57.77777777777778,64.0
200.95743333333326,0.8010958323377055,193.96857540359784,0.04889603209451867,16.0,53.0,37.0,40.0,16.0,16.0,85.0,96.0,11.0,89.66666666666667,4.222222222222224,85.0,32.065,126.90447,94.83947,93.57648999999999,41.00766000000001,32.065,386.85,903.78,516.93,559.6633333333333,229.41111111111107,386.85,15.0,17.0,2.0,16.0,0.6666666666666666,15.0,3.0,5.0,2.0,4.333333333333333,0.888888888888889,3.0,105.0,139.0,34.0,127.66666666666667,15.111111111111109,105.0,2.05,2.66,0.6100000000000003,2.43,0.2533333333333334,2.05,2.0,2.0,0.0,2.0,0.0,2.0,3.0,5.0,2.0,4.0,0.6666666666666666,3.0,0.0,10.0,10.0,6.666666666666667,4.444444444444444,0.0,0.0,0.0,0.0,0.0,0.0,0.0,6.0,17.0,11.0,12.666666666666666,4.444444444444445,6.0,0.0,0.0,0.0,0.0,0.0,0.0,1.0,3.0,2.0,2.0,0.6666666666666666,1.0,0.0,0.0,0.0,0.0,0.0,0.0,0.0,0.0,0.0,0.0,0.0,0.0,1.0,3.0,2.0,2.0,0.6666666666666666,1.0,25.786875,43.015,17.228125000000002,33.45395833333333,6.374027777777779,25.786875,0.0,2.202,2.202,1.088,0.7426666666666666,0.0,0.0,0.0,0.0,0.0,0.0,0.0,64.0,166.0,102.0,100.0,44.0,64.0
422.91219999999987,1.2493802721051395,80.56019701335447,0.09592181320645166,8.0,82.0,74.0,25.6,22.560000000000002,8.0,43.0,87.0,44.0,77.0,13.6,87.0,15.9994,207.2,191.20059999999998,60.61304,58.63478399999999,15.9994,54.8,1941.0,1886.2,541.202,583.6824,54.8,4.0,16.0,12.0,13.2,3.6800000000000006,16.0,2.0,6.0,4.0,3.2,1.44,2.0,66.0,160.0,94.0,100.8,41.760000000000005,66.0,1.54,3.44,1.9,2.838,0.7223999999999999,3.44,2.0,2.0,0.0,2.0,0.0,2.0,0.0,4.0,4.0,2.8,1.44,4.0,0.0,10.0,10.0,2.4,3.04,0.0,0.0,14.0,14.0,2.8,4.4799999999999995,0.0,4.0,28.0,24.0,10.0,7.2,6.0,0.0,0.0,0.0,0.0,0.0,0.0,0.0,4.0,4.0,2.0,0.8,2.0,0.0,8.0,8.0,1.6,2.56,0.0,0.0,0.0,0.0,0.0,0.0,0.0,2.0,8.0,6.0,3.6,1.9200000000000004,2.0,9.105,28.11,19.005,14.422999999999998,6.3816,9.105,0.0,0.0,0.0,0.0,0.0,0.0,0.0,2.25333333333e-05,2.25333333333e-05,4.50666666666e-06,7.210666666656e-06,0.0,12.0,225.0,213.0,91.0,94.8,12.0
92.64951249999997,1.660338553457688,147.44125630251344,0.08755928791507173,53.0,83.0,30.0,60.5,11.25,53.0,86.0,96.0,10.0,93.5,3.75,96.0,126.90447,208.9804,82.07593,147.4234525,30.778473749999996,126.90447,386.85,544.4,157.54999999999995,426.23750000000007,59.08125000000001,386.85,15.0,17.0,2.0,16.5,0.75,17.0,5.0,6.0,1.0,5.25,0.375,5.0,139.0,148.0,9.0,141.25,3.375,139.0,2.02,2.66,0.6400000000000001,2.5,0.2400000000000001,2.66,2.0,2.0,0.0,2.0,0.0,2.0,3.0,5.0,2.0,4.5,0.75,5.0,10.0,10.0,0.0,10.0,0.0,10.0,0.0,14.0,14.0,3.5,5.25,0.0,17.0,29.0,12.0,20.0,4.5,17.0,0.0,0.0,0.0,0.0,0.0,0.0,1.0,3.0,2.0,1.5,0.75,1.0,0.0,0.0,0.0,0.0,0.0,0.0,0.0,0.0,0.0,0.0,0.0,0.0,1.0,3.0,2.0,1.5,0.75,1.0,32.95,43.015,10.064999999999998,40.49875,3.774374999999999,43.015,0.0,1.062,1.062,0.7965,0.39825000000000005,1.062,0.0,0.0,0.0,0.0,0.0,0.0,12.0,64.0,52.0,51.0,19.5,64.0
39.90911111111117,0.6467245314479135,48.77305777795838,0.04239174871846151,6.0,23.0,17.0,9.222222222222221,3.061728395061728,8.0,46.0,87.0,41.0,80.22222222222223,9.037037037037035,87.0,12.0107,50.9415,38.9308,18.995477777777776,7.0991160493827135,15.9994,54.8,3823.0,3768.2,1128.6444444444444,1431.7925925925929,54.8,5.0,16.0,11.0,14.333333333333334,2.2222222222222223,16.0,2.0,4.0,2.0,2.2222222222222223,0.3950617283950618,2.0,66.0,153.0,87.0,77.88888888888889,16.691358024691354,66.0,1.63,3.44,1.81,3.0411111111111113,0.5318518518518518,3.44,2.0,2.0,0.0,2.0,0.0,2.0,0.0,4.0,4.0,3.111111111111111,1.1851851851851853,4.0,0.0,3.0,3.0,0.3333333333333333,0.5925925925925926,0.0,0.0,0.0,0.0,0.0,0.0,0.0,4.0,6.0,2.0,5.444444444444445,0.7407407407407407,6.0,0.0,0.0,0.0,0.0,0.0,0.0,0.0,4.0,4.0,2.2222222222222223,0.7901234567901235,2.0,0.0,7.0,7.0,0.7777777777777778,1.382716049382716,0.0,0.0,0.0,0.0,0.0,0.0,0.0,2.0,7.0,5.0,3.0,1.3333333333333333,2.0,5.64,13.01,7.37,8.768888888888888,1.390617283950618,9.105,0.0,4.496,4.496,0.9991111111111112,1.5541728395061731,0.0,0.0,0.0,0.0,0.0,0.0,0.0,12.0,229.0,217.0,76.55555555555556,86.07407407407408,12.0
